{
  "project_info": {
    "project_number": "441294443825",
    "project_id": "campus-companion-bcdc4",
    "storage_bucket": "campus-companion-bcdc4.appspot.com"
  },
  "client": [
    {
      "client_info": {
        "mobilesdk_app_id": "1:441294443825:android:d1a03e2d4d1bf745aecc10",
        "android_client_info": {
          "package_name": "com.jamesbond.terminator"
        }
      },
      "oauth_client": [],
      "api_key": [
        {
          "current_key": "AIzaSyAxJ5DWuj5tVv7OnjvUQliA-yG5lKfDk0g"
        }
      ],
      "services": {
        "appinvite_service": {
          "other_platform_oauth_client": []
        }
      }
    }
  ],
  "configuration_version": "1"
}